"species_id","palette","file","success"
"1","regular","gen1\regular\001.png","True"
"1","shiny","gen1\shiny\001.png","True"
"2","regular","gen1\regular\002.png","True"
"2","shiny","gen1\shiny\002.png","True"
"3","regular","gen1\regular\003.png","True"
"3","shiny","gen1\shiny\003.png","True"
"4","regular","gen1\regular\004.png","True"
"4","shiny","gen1\shiny\004.png","True"
"5","regular","gen1\regular\005.png","True"
"5","shiny","gen1\shiny\005.png","True"
"6","regular","gen1\regular\006.png","True"
"6","shiny","gen1\shiny\006.png","True"
"7","regular","gen1\regular\007.png","True"
"7","shiny","gen1\shiny\007.png","True"
"8","regular","gen1\regular\008.png","True"
"8","shiny","gen1\shiny\008.png","True"
"9","regular","gen1\regular\009.png","True"
"9","shiny","gen1\shiny\009.png","True"
"10","regular","gen1\regular\010.png","True"
"10","shiny","gen1\shiny\010.png","True"
"11","regular","gen1\regular\011.png","True"
"11","shiny","gen1\shiny\011.png","True"
"12","regular","gen1\regular\012.png","True"
"12","shiny","gen1\shiny\012.png","True"
"13","regular","gen1\regular\013.png","True"
"13","shiny","gen1\shiny\013.png","True"
"14","regular","gen1\regular\014.png","True"
"14","shiny","gen1\shiny\014.png","True"
"15","regular","gen1\regular\015.png","True"
"15","shiny","gen1\shiny\015.png","True"
"16","regular","gen1\regular\016.png","True"
"16","shiny","gen1\shiny\016.png","True"
"17","regular","gen1\regular\017.png","True"
"17","shiny","gen1\shiny\017.png","True"
"18","regular","gen1\regular\018.png","True"
"18","shiny","gen1\shiny\018.png","True"
"19","regular","gen1\regular\019.png","True"
"19","shiny","gen1\shiny\019.png","True"
"20","regular","gen1\regular\020.png","True"
"20","shiny","gen1\shiny\020.png","True"
"21","regular","gen1\regular\021.png","True"
"21","shiny","gen1\shiny\021.png","True"
"22","regular","gen1\regular\022.png","True"
"22","shiny","gen1\shiny\022.png","True"
"23","regular","gen1\regular\023.png","True"
"23","shiny","gen1\shiny\023.png","True"
"24","regular","gen1\regular\024.png","True"
"24","shiny","gen1\shiny\024.png","True"
"25","regular","gen1\regular\025.png","True"
"25","shiny","gen1\shiny\025.png","True"
"26","regular","gen1\regular\026.png","True"
"26","shiny","gen1\shiny\026.png","True"
"27","regular","gen1\regular\027.png","True"
"27","shiny","gen1\shiny\027.png","True"
"28","regular","gen1\regular\028.png","True"
"28","shiny","gen1\shiny\028.png","True"
"29","regular","gen1\regular\029.png","True"
"29","shiny","gen1\shiny\029.png","True"
"30","regular","gen1\regular\030.png","True"
"30","shiny","gen1\shiny\030.png","True"
"31","regular","gen1\regular\031.png","True"
"31","shiny","gen1\shiny\031.png","True"
"32","regular","gen1\regular\032.png","True"
"32","shiny","gen1\shiny\032.png","True"
"33","regular","gen1\regular\033.png","True"
"33","shiny","gen1\shiny\033.png","True"
"34","regular","gen1\regular\034.png","True"
"34","shiny","gen1\shiny\034.png","True"
"35","regular","gen1\regular\035.png","True"
"35","shiny","gen1\shiny\035.png","True"
"36","regular","gen1\regular\036.png","True"
"36","shiny","gen1\shiny\036.png","True"
"37","regular","gen1\regular\037.png","True"
"37","shiny","gen1\shiny\037.png","True"
"38","regular","gen1\regular\038.png","True"
"38","shiny","gen1\shiny\038.png","True"
"39","regular","gen1\regular\039.png","True"
"39","shiny","gen1\shiny\039.png","True"
"40","regular","gen1\regular\040.png","True"
"40","shiny","gen1\shiny\040.png","True"
"41","regular","gen1\regular\041.png","True"
"41","shiny","gen1\shiny\041.png","True"
"42","regular","gen1\regular\042.png","True"
"42","shiny","gen1\shiny\042.png","True"
"43","regular","gen1\regular\043.png","True"
"43","shiny","gen1\shiny\043.png","True"
"44","regular","gen1\regular\044.png","True"
"44","shiny","gen1\shiny\044.png","True"
"45","regular","gen1\regular\045.png","True"
"45","shiny","gen1\shiny\045.png","True"
"46","regular","gen1\regular\046.png","True"
"46","shiny","gen1\shiny\046.png","True"
"47","regular","gen1\regular\047.png","True"
"47","shiny","gen1\shiny\047.png","True"
"48","regular","gen1\regular\048.png","True"
"48","shiny","gen1\shiny\048.png","True"
"49","regular","gen1\regular\049.png","True"
"49","shiny","gen1\shiny\049.png","True"
"50","regular","gen1\regular\050.png","True"
"50","shiny","gen1\shiny\050.png","True"
"51","regular","gen1\regular\051.png","True"
"51","shiny","gen1\shiny\051.png","True"
"52","regular","gen1\regular\052.png","True"
"52","shiny","gen1\shiny\052.png","True"
"53","regular","gen1\regular\053.png","True"
"53","shiny","gen1\shiny\053.png","True"
"54","regular","gen1\regular\054.png","True"
"54","shiny","gen1\shiny\054.png","True"
"55","regular","gen1\regular\055.png","True"
"55","shiny","gen1\shiny\055.png","True"
"56","regular","gen1\regular\056.png","True"
"56","shiny","gen1\shiny\056.png","True"
"57","regular","gen1\regular\057.png","True"
"57","shiny","gen1\shiny\057.png","True"
"58","regular","gen1\regular\058.png","True"
"58","shiny","gen1\shiny\058.png","True"
"59","regular","gen1\regular\059.png","True"
"59","shiny","gen1\shiny\059.png","True"
"60","regular","gen1\regular\060.png","True"
"60","shiny","gen1\shiny\060.png","True"
"61","regular","gen1\regular\061.png","True"
"61","shiny","gen1\shiny\061.png","True"
"62","regular","gen1\regular\062.png","True"
"62","shiny","gen1\shiny\062.png","True"
"63","regular","gen1\regular\063.png","True"
"63","shiny","gen1\shiny\063.png","True"
"64","regular","gen1\regular\064.png","True"
"64","shiny","gen1\shiny\064.png","True"
"65","regular","gen1\regular\065.png","True"
"65","shiny","gen1\shiny\065.png","True"
"66","regular","gen1\regular\066.png","True"
"66","shiny","gen1\shiny\066.png","True"
"67","regular","gen1\regular\067.png","True"
"67","shiny","gen1\shiny\067.png","True"
"68","regular","gen1\regular\068.png","True"
"68","shiny","gen1\shiny\068.png","True"
"69","regular","gen1\regular\069.png","True"
"69","shiny","gen1\shiny\069.png","True"
"70","regular","gen1\regular\070.png","True"
"70","shiny","gen1\shiny\070.png","True"
"71","regular","gen1\regular\071.png","True"
"71","shiny","gen1\shiny\071.png","True"
"72","regular","gen1\regular\072.png","True"
"72","shiny","gen1\shiny\072.png","True"
"73","regular","gen1\regular\073.png","True"
"73","shiny","gen1\shiny\073.png","True"
"74","regular","gen1\regular\074.png","True"
"74","shiny","gen1\shiny\074.png","True"
"75","regular","gen1\regular\075.png","True"
"75","shiny","gen1\shiny\075.png","True"
"76","regular","gen1\regular\076.png","True"
"76","shiny","gen1\shiny\076.png","True"
"77","regular","gen1\regular\077.png","True"
"77","shiny","gen1\shiny\077.png","True"
"78","regular","gen1\regular\078.png","True"
"78","shiny","gen1\shiny\078.png","True"
"79","regular","gen1\regular\079.png","True"
"79","shiny","gen1\shiny\079.png","True"
"80","regular","gen1\regular\080.png","True"
"80","shiny","gen1\shiny\080.png","True"
"81","regular","gen1\regular\081.png","True"
"81","shiny","gen1\shiny\081.png","True"
"82","regular","gen1\regular\082.png","True"
"82","shiny","gen1\shiny\082.png","True"
"83","regular","gen1\regular\083.png","True"
"83","shiny","gen1\shiny\083.png","True"
"84","regular","gen1\regular\084.png","True"
"84","shiny","gen1\shiny\084.png","True"
"85","regular","gen1\regular\085.png","True"
"85","shiny","gen1\shiny\085.png","True"
"86","regular","gen1\regular\086.png","True"
"86","shiny","gen1\shiny\086.png","True"
"87","regular","gen1\regular\087.png","True"
"87","shiny","gen1\shiny\087.png","True"
"88","regular","gen1\regular\088.png","True"
"88","shiny","gen1\shiny\088.png","True"
"89","regular","gen1\regular\089.png","True"
"89","shiny","gen1\shiny\089.png","True"
"90","regular","gen1\regular\090.png","True"
"90","shiny","gen1\shiny\090.png","True"
"91","regular","gen1\regular\091.png","True"
"91","shiny","gen1\shiny\091.png","True"
"92","regular","gen1\regular\092.png","True"
"92","shiny","gen1\shiny\092.png","True"
"93","regular","gen1\regular\093.png","True"
"93","shiny","gen1\shiny\093.png","True"
"94","regular","gen1\regular\094.png","True"
"94","shiny","gen1\shiny\094.png","True"
"95","regular","gen1\regular\095.png","True"
"95","shiny","gen1\shiny\095.png","True"
"96","regular","gen1\regular\096.png","True"
"96","shiny","gen1\shiny\096.png","True"
"97","regular","gen1\regular\097.png","True"
"97","shiny","gen1\shiny\097.png","True"
"98","regular","gen1\regular\098.png","True"
"98","shiny","gen1\shiny\098.png","True"
"99","regular","gen1\regular\099.png","True"
"99","shiny","gen1\shiny\099.png","True"
"100","regular","gen1\regular\100.png","True"
"100","shiny","gen1\shiny\100.png","True"
"101","regular","gen1\regular\101.png","True"
"101","shiny","gen1\shiny\101.png","True"
"102","regular","gen1\regular\102.png","True"
"102","shiny","gen1\shiny\102.png","True"
"103","regular","gen1\regular\103.png","True"
"103","shiny","gen1\shiny\103.png","True"
"104","regular","gen1\regular\104.png","True"
"104","shiny","gen1\shiny\104.png","True"
"105","regular","gen1\regular\105.png","True"
"105","shiny","gen1\shiny\105.png","True"
"106","regular","gen1\regular\106.png","True"
"106","shiny","gen1\shiny\106.png","True"
"107","regular","gen1\regular\107.png","True"
"107","shiny","gen1\shiny\107.png","True"
"108","regular","gen1\regular\108.png","True"
"108","shiny","gen1\shiny\108.png","True"
"109","regular","gen1\regular\109.png","True"
"109","shiny","gen1\shiny\109.png","True"
"110","regular","gen1\regular\110.png","True"
"110","shiny","gen1\shiny\110.png","True"
"111","regular","gen1\regular\111.png","True"
"111","shiny","gen1\shiny\111.png","True"
"112","regular","gen1\regular\112.png","True"
"112","shiny","gen1\shiny\112.png","True"
"113","regular","gen1\regular\113.png","True"
"113","shiny","gen1\shiny\113.png","True"
"114","regular","gen1\regular\114.png","True"
"114","shiny","gen1\shiny\114.png","True"
"115","regular","gen1\regular\115.png","True"
"115","shiny","gen1\shiny\115.png","True"
"116","regular","gen1\regular\116.png","True"
"116","shiny","gen1\shiny\116.png","True"
"117","regular","gen1\regular\117.png","True"
"117","shiny","gen1\shiny\117.png","True"
"118","regular","gen1\regular\118.png","True"
"118","shiny","gen1\shiny\118.png","True"
"119","regular","gen1\regular\119.png","True"
"119","shiny","gen1\shiny\119.png","True"
"120","regular","gen1\regular\120.png","True"
"120","shiny","gen1\shiny\120.png","True"
"121","regular","gen1\regular\121.png","True"
"121","shiny","gen1\shiny\121.png","True"
"122","regular","gen1\regular\122.png","True"
"122","shiny","gen1\shiny\122.png","True"
"123","regular","gen1\regular\123.png","True"
"123","shiny","gen1\shiny\123.png","True"
"124","regular","gen1\regular\124.png","True"
"124","shiny","gen1\shiny\124.png","True"
"125","regular","gen1\regular\125.png","True"
"125","shiny","gen1\shiny\125.png","True"
"126","regular","gen1\regular\126.png","True"
"126","shiny","gen1\shiny\126.png","True"
"127","regular","gen1\regular\127.png","True"
"127","shiny","gen1\shiny\127.png","True"
"128","regular","gen1\regular\128.png","True"
"128","shiny","gen1\shiny\128.png","True"
"129","regular","gen1\regular\129.png","True"
"129","shiny","gen1\shiny\129.png","True"
"130","regular","gen1\regular\130.png","True"
"130","shiny","gen1\shiny\130.png","True"
"131","regular","gen1\regular\131.png","True"
"131","shiny","gen1\shiny\131.png","True"
"132","regular","gen1\regular\132.png","True"
"132","shiny","gen1\shiny\132.png","True"
"133","regular","gen1\regular\133.png","True"
"133","shiny","gen1\shiny\133.png","True"
"134","regular","gen1\regular\134.png","True"
"134","shiny","gen1\shiny\134.png","True"
"135","regular","gen1\regular\135.png","True"
"135","shiny","gen1\shiny\135.png","True"
"136","regular","gen1\regular\136.png","True"
"136","shiny","gen1\shiny\136.png","True"
"137","regular","gen1\regular\137.png","True"
"137","shiny","gen1\shiny\137.png","True"
"138","regular","gen1\regular\138.png","True"
"138","shiny","gen1\shiny\138.png","True"
"139","regular","gen1\regular\139.png","True"
"139","shiny","gen1\shiny\139.png","True"
"140","regular","gen1\regular\140.png","True"
"140","shiny","gen1\shiny\140.png","True"
"141","regular","gen1\regular\141.png","True"
"141","shiny","gen1\shiny\141.png","True"
"142","regular","gen1\regular\142.png","True"
"142","shiny","gen1\shiny\142.png","True"
"143","regular","gen1\regular\143.png","True"
"143","shiny","gen1\shiny\143.png","True"
"144","regular","gen1\regular\144.png","True"
"144","shiny","gen1\shiny\144.png","True"
"145","regular","gen1\regular\145.png","True"
"145","shiny","gen1\shiny\145.png","True"
"146","regular","gen1\regular\146.png","True"
"146","shiny","gen1\shiny\146.png","True"
"147","regular","gen1\regular\147.png","True"
"147","shiny","gen1\shiny\147.png","True"
"148","regular","gen1\regular\148.png","True"
"148","shiny","gen1\shiny\148.png","True"
"149","regular","gen1\regular\149.png","True"
"149","shiny","gen1\shiny\149.png","True"
"150","regular","gen1\regular\150.png","True"
"150","shiny","gen1\shiny\150.png","True"
"151","regular","gen1\regular\151.png","True"
"151","shiny","gen1\shiny\151.png","True"
"152","regular","gen2\regular\152.png","True"
"152","shiny","gen2\shiny\152.png","True"
"153","regular","gen2\regular\153.png","True"
"153","shiny","gen2\shiny\153.png","True"
"154","regular","gen2\regular\154.png","True"
"154","shiny","gen2\shiny\154.png","True"
"155","regular","gen2\regular\155.png","True"
"155","shiny","gen2\shiny\155.png","True"
"156","regular","gen2\regular\156.png","True"
"156","shiny","gen2\shiny\156.png","True"
"157","regular","gen2\regular\157.png","True"
"157","shiny","gen2\shiny\157.png","True"
"158","regular","gen2\regular\158.png","True"
"158","shiny","gen2\shiny\158.png","True"
"159","regular","gen2\regular\159.png","True"
"159","shiny","gen2\shiny\159.png","True"
"160","regular","gen2\regular\160.png","True"
"160","shiny","gen2\shiny\160.png","True"
"161","regular","gen2\regular\161.png","True"
"161","shiny","gen2\shiny\161.png","True"
"162","regular","gen2\regular\162.png","True"
"162","shiny","gen2\shiny\162.png","True"
"163","regular","gen2\regular\163.png","True"
"163","shiny","gen2\shiny\163.png","True"
"164","regular","gen2\regular\164.png","True"
"164","shiny","gen2\shiny\164.png","True"
"165","regular","gen2\regular\165.png","True"
"165","shiny","gen2\shiny\165.png","True"
"166","regular","gen2\regular\166.png","True"
"166","shiny","gen2\shiny\166.png","True"
"167","regular","gen2\regular\167.png","True"
"167","shiny","gen2\shiny\167.png","True"
"168","regular","gen2\regular\168.png","True"
"168","shiny","gen2\shiny\168.png","True"
"169","regular","gen2\regular\169.png","True"
"169","shiny","gen2\shiny\169.png","True"
"170","regular","gen2\regular\170.png","True"
"170","shiny","gen2\shiny\170.png","True"
"171","regular","gen2\regular\171.png","True"
"171","shiny","gen2\shiny\171.png","True"
"172","regular","gen2\regular\172.png","True"
"172","shiny","gen2\shiny\172.png","True"
"173","regular","gen2\regular\173.png","True"
"173","shiny","gen2\shiny\173.png","True"
"174","regular","gen2\regular\174.png","True"
"174","shiny","gen2\shiny\174.png","True"
"175","regular","gen2\regular\175.png","True"
"175","shiny","gen2\shiny\175.png","True"
"176","regular","gen2\regular\176.png","True"
"176","shiny","gen2\shiny\176.png","True"
"177","regular","gen2\regular\177.png","True"
"177","shiny","gen2\shiny\177.png","True"
"178","regular","gen2\regular\178.png","True"
"178","shiny","gen2\shiny\178.png","True"
"179","regular","gen2\regular\179.png","True"
"179","shiny","gen2\shiny\179.png","True"
"180","regular","gen2\regular\180.png","True"
"180","shiny","gen2\shiny\180.png","True"
"181","regular","gen2\regular\181.png","True"
"181","shiny","gen2\shiny\181.png","True"
"182","regular","gen2\regular\182.png","True"
"182","shiny","gen2\shiny\182.png","True"
"183","regular","gen2\regular\183.png","True"
"183","shiny","gen2\shiny\183.png","True"
"184","regular","gen2\regular\184.png","True"
"184","shiny","gen2\shiny\184.png","True"
"185","regular","gen2\regular\185.png","True"
"185","shiny","gen2\shiny\185.png","True"
"186","regular","gen2\regular\186.png","True"
"186","shiny","gen2\shiny\186.png","True"
"187","regular","gen2\regular\187.png","True"
"187","shiny","gen2\shiny\187.png","True"
"188","regular","gen2\regular\188.png","True"
"188","shiny","gen2\shiny\188.png","True"
"189","regular","gen2\regular\189.png","True"
"189","shiny","gen2\shiny\189.png","True"
"190","regular","gen2\regular\190.png","True"
"190","shiny","gen2\shiny\190.png","True"
"191","regular","gen2\regular\191.png","True"
"191","shiny","gen2\shiny\191.png","True"
"192","regular","gen2\regular\192.png","True"
"192","shiny","gen2\shiny\192.png","True"
"193","regular","gen2\regular\193.png","True"
"193","shiny","gen2\shiny\193.png","True"
"194","regular","gen2\regular\194.png","True"
"194","shiny","gen2\shiny\194.png","True"
"195","regular","gen2\regular\195.png","True"
"195","shiny","gen2\shiny\195.png","True"
"196","regular","gen2\regular\196.png","True"
"196","shiny","gen2\shiny\196.png","True"
"197","regular","gen2\regular\197.png","True"
"197","shiny","gen2\shiny\197.png","True"
"198","regular","gen2\regular\198.png","True"
"198","shiny","gen2\shiny\198.png","True"
"199","regular","gen2\regular\199.png","True"
"199","shiny","gen2\shiny\199.png","True"
"200","regular","gen2\regular\200.png","True"
"200","shiny","gen2\shiny\200.png","True"
"201","regular","gen2\regular\201.png","True"
"201","shiny","gen2\shiny\201.png","True"
"202","regular","gen2\regular\202.png","True"
"202","shiny","gen2\shiny\202.png","True"
"203","regular","gen2\regular\203.png","True"
"203","shiny","gen2\shiny\203.png","True"
"204","regular","gen2\regular\204.png","True"
"204","shiny","gen2\shiny\204.png","True"
"205","regular","gen2\regular\205.png","True"
"205","shiny","gen2\shiny\205.png","True"
"206","regular","gen2\regular\206.png","True"
"206","shiny","gen2\shiny\206.png","True"
"207","regular","gen2\regular\207.png","True"
"207","shiny","gen2\shiny\207.png","True"
"208","regular","gen2\regular\208.png","True"
"208","shiny","gen2\shiny\208.png","True"
"209","regular","gen2\regular\209.png","True"
"209","shiny","gen2\shiny\209.png","True"
"210","regular","gen2\regular\210.png","True"
"210","shiny","gen2\shiny\210.png","True"
"211","regular","gen2\regular\211.png","True"
"211","shiny","gen2\shiny\211.png","True"
"212","regular","gen2\regular\212.png","True"
"212","shiny","gen2\shiny\212.png","True"
"213","regular","gen2\regular\213.png","True"
"213","shiny","gen2\shiny\213.png","True"
"214","regular","gen2\regular\214.png","True"
"214","shiny","gen2\shiny\214.png","True"
"215","regular","gen2\regular\215.png","True"
"215","shiny","gen2\shiny\215.png","True"
"216","regular","gen2\regular\216.png","True"
"216","shiny","gen2\shiny\216.png","True"
"217","regular","gen2\regular\217.png","True"
"217","shiny","gen2\shiny\217.png","True"
"218","regular","gen2\regular\218.png","True"
"218","shiny","gen2\shiny\218.png","True"
"219","regular","gen2\regular\219.png","True"
"219","shiny","gen2\shiny\219.png","True"
"220","regular","gen2\regular\220.png","True"
"220","shiny","gen2\shiny\220.png","True"
"221","regular","gen2\regular\221.png","True"
"221","shiny","gen2\shiny\221.png","True"
"222","regular","gen2\regular\222.png","True"
"222","shiny","gen2\shiny\222.png","True"
"223","regular","gen2\regular\223.png","True"
"223","shiny","gen2\shiny\223.png","True"
"224","regular","gen2\regular\224.png","True"
"224","shiny","gen2\shiny\224.png","True"
"225","regular","gen2\regular\225.png","True"
"225","shiny","gen2\shiny\225.png","True"
"226","regular","gen2\regular\226.png","True"
"226","shiny","gen2\shiny\226.png","True"
"227","regular","gen2\regular\227.png","True"
"227","shiny","gen2\shiny\227.png","True"
"228","regular","gen2\regular\228.png","True"
"228","shiny","gen2\shiny\228.png","True"
"229","regular","gen2\regular\229.png","True"
"229","shiny","gen2\shiny\229.png","True"
"230","regular","gen2\regular\230.png","True"
"230","shiny","gen2\shiny\230.png","True"
"231","regular","gen2\regular\231.png","True"
"231","shiny","gen2\shiny\231.png","True"
"232","regular","gen2\regular\232.png","True"
"232","shiny","gen2\shiny\232.png","True"
"233","regular","gen2\regular\233.png","True"
"233","shiny","gen2\shiny\233.png","True"
"234","regular","gen2\regular\234.png","True"
"234","shiny","gen2\shiny\234.png","True"
"235","regular","gen2\regular\235.png","True"
"235","shiny","gen2\shiny\235.png","True"
"236","regular","gen2\regular\236.png","True"
"236","shiny","gen2\shiny\236.png","True"
"237","regular","gen2\regular\237.png","True"
"237","shiny","gen2\shiny\237.png","True"
"238","regular","gen2\regular\238.png","True"
"238","shiny","gen2\shiny\238.png","True"
"239","regular","gen2\regular\239.png","True"
"239","shiny","gen2\shiny\239.png","True"
"240","regular","gen2\regular\240.png","True"
"240","shiny","gen2\shiny\240.png","True"
"241","regular","gen2\regular\241.png","True"
"241","shiny","gen2\shiny\241.png","True"
"242","regular","gen2\regular\242.png","True"
"242","shiny","gen2\shiny\242.png","True"
"243","regular","gen2\regular\243.png","True"
"243","shiny","gen2\shiny\243.png","True"
"244","regular","gen2\regular\244.png","True"
"244","shiny","gen2\shiny\244.png","True"
"245","regular","gen2\regular\245.png","True"
"245","shiny","gen2\shiny\245.png","True"
"246","regular","gen2\regular\246.png","True"
"246","shiny","gen2\shiny\246.png","True"
"247","regular","gen2\regular\247.png","True"
"247","shiny","gen2\shiny\247.png","True"
"248","regular","gen2\regular\248.png","True"
"248","shiny","gen2\shiny\248.png","True"
"249","regular","gen2\regular\249.png","True"
"249","shiny","gen2\shiny\249.png","True"
"250","regular","gen2\regular\250.png","True"
"250","shiny","gen2\shiny\250.png","True"
"251","regular","gen2\regular\251.png","True"
"251","shiny","gen2\shiny\251.png","True"
"252","regular","gen3\regular\252.png","True"
"252","shiny","gen3\shiny\252.png","True"
"253","regular","gen3\regular\253.png","True"
"253","shiny","gen3\shiny\253.png","True"
"254","regular","gen3\regular\254.png","True"
"254","shiny","gen3\shiny\254.png","True"
"255","regular","gen3\regular\255.png","True"
"255","shiny","gen3\shiny\255.png","True"
"256","regular","gen3\regular\256.png","True"
"256","shiny","gen3\shiny\256.png","True"
"257","regular","gen3\regular\257.png","True"
"257","shiny","gen3\shiny\257.png","True"
"258","regular","gen3\regular\258.png","True"
"258","shiny","gen3\shiny\258.png","True"
"259","regular","gen3\regular\259.png","True"
"259","shiny","gen3\shiny\259.png","True"
"260","regular","gen3\regular\260.png","True"
"260","shiny","gen3\shiny\260.png","True"
"261","regular","gen3\regular\261.png","True"
"261","shiny","gen3\shiny\261.png","True"
"262","regular","gen3\regular\262.png","True"
"262","shiny","gen3\shiny\262.png","True"
"263","regular","gen3\regular\263.png","True"
"263","shiny","gen3\shiny\263.png","True"
"264","regular","gen3\regular\264.png","True"
"264","shiny","gen3\shiny\264.png","True"
"265","regular","gen3\regular\265.png","True"
"265","shiny","gen3\shiny\265.png","True"
"266","regular","gen3\regular\266.png","True"
"266","shiny","gen3\shiny\266.png","True"
"267","regular","gen3\regular\267.png","True"
"267","shiny","gen3\shiny\267.png","True"
"268","regular","gen3\regular\268.png","True"
"268","shiny","gen3\shiny\268.png","True"
"269","regular","gen3\regular\269.png","True"
"269","shiny","gen3\shiny\269.png","True"
"270","regular","gen3\regular\270.png","True"
"270","shiny","gen3\shiny\270.png","True"
"271","regular","gen3\regular\271.png","True"
"271","shiny","gen3\shiny\271.png","True"
"272","regular","gen3\regular\272.png","True"
"272","shiny","gen3\shiny\272.png","True"
"273","regular","gen3\regular\273.png","True"
"273","shiny","gen3\shiny\273.png","True"
"274","regular","gen3\regular\274.png","True"
"274","shiny","gen3\shiny\274.png","True"
"275","regular","gen3\regular\275.png","True"
"275","shiny","gen3\shiny\275.png","True"
"276","regular","gen3\regular\276.png","True"
"276","shiny","gen3\shiny\276.png","True"
"277","regular","gen3\regular\277.png","True"
"277","shiny","gen3\shiny\277.png","True"
"278","regular","gen3\regular\278.png","True"
"278","shiny","gen3\shiny\278.png","True"
"279","regular","gen3\regular\279.png","True"
"279","shiny","gen3\shiny\279.png","True"
"280","regular","gen3\regular\280.png","True"
"280","shiny","gen3\shiny\280.png","True"
"281","regular","gen3\regular\281.png","True"
"281","shiny","gen3\shiny\281.png","True"
"282","regular","gen3\regular\282.png","True"
"282","shiny","gen3\shiny\282.png","True"
"283","regular","gen3\regular\283.png","True"
"283","shiny","gen3\shiny\283.png","True"
"284","regular","gen3\regular\284.png","True"
"284","shiny","gen3\shiny\284.png","True"
"285","regular","gen3\regular\285.png","True"
"285","shiny","gen3\shiny\285.png","True"
"286","regular","gen3\regular\286.png","True"
"286","shiny","gen3\shiny\286.png","True"
"287","regular","gen3\regular\287.png","True"
"287","shiny","gen3\shiny\287.png","True"
"288","regular","gen3\regular\288.png","True"
"288","shiny","gen3\shiny\288.png","True"
"289","regular","gen3\regular\289.png","True"
"289","shiny","gen3\shiny\289.png","True"
"290","regular","gen3\regular\290.png","True"
"290","shiny","gen3\shiny\290.png","True"
"291","regular","gen3\regular\291.png","True"
"291","shiny","gen3\shiny\291.png","True"
"292","regular","gen3\regular\292.png","True"
"292","shiny","gen3\shiny\292.png","True"
"293","regular","gen3\regular\293.png","True"
"293","shiny","gen3\shiny\293.png","True"
"294","regular","gen3\regular\294.png","True"
"294","shiny","gen3\shiny\294.png","True"
"295","regular","gen3\regular\295.png","True"
"295","shiny","gen3\shiny\295.png","True"
"296","regular","gen3\regular\296.png","True"
"296","shiny","gen3\shiny\296.png","True"
"297","regular","gen3\regular\297.png","True"
"297","shiny","gen3\shiny\297.png","True"
"298","regular","gen3\regular\298.png","True"
"298","shiny","gen3\shiny\298.png","True"
"299","regular","gen3\regular\299.png","True"
"299","shiny","gen3\shiny\299.png","True"
"300","regular","gen3\regular\300.png","True"
"300","shiny","gen3\shiny\300.png","True"
"301","regular","gen3\regular\301.png","True"
"301","shiny","gen3\shiny\301.png","True"
"302","regular","gen3\regular\302.png","True"
"302","shiny","gen3\shiny\302.png","True"
"303","regular","gen3\regular\303.png","True"
"303","shiny","gen3\shiny\303.png","True"
"304","regular","gen3\regular\304.png","True"
"304","shiny","gen3\shiny\304.png","True"
"305","regular","gen3\regular\305.png","True"
"305","shiny","gen3\shiny\305.png","True"
"306","regular","gen3\regular\306.png","True"
"306","shiny","gen3\shiny\306.png","True"
"307","regular","gen3\regular\307.png","True"
"307","shiny","gen3\shiny\307.png","True"
"308","regular","gen3\regular\308.png","True"
"308","shiny","gen3\shiny\308.png","True"
"309","regular","gen3\regular\309.png","True"
"309","shiny","gen3\shiny\309.png","True"
"310","regular","gen3\regular\310.png","True"
"310","shiny","gen3\shiny\310.png","True"
"311","regular","gen3\regular\311.png","True"
"311","shiny","gen3\shiny\311.png","True"
"312","regular","gen3\regular\312.png","True"
"312","shiny","gen3\shiny\312.png","True"
"313","regular","gen3\regular\313.png","True"
"313","shiny","gen3\shiny\313.png","True"
"314","regular","gen3\regular\314.png","True"
"314","shiny","gen3\shiny\314.png","True"
"315","regular","gen3\regular\315.png","True"
"315","shiny","gen3\shiny\315.png","True"
"316","regular","gen3\regular\316.png","True"
"316","shiny","gen3\shiny\316.png","True"
"317","regular","gen3\regular\317.png","True"
"317","shiny","gen3\shiny\317.png","True"
"318","regular","gen3\regular\318.png","True"
"318","shiny","gen3\shiny\318.png","True"
"319","regular","gen3\regular\319.png","True"
"319","shiny","gen3\shiny\319.png","True"
"320","regular","gen3\regular\320.png","True"
"320","shiny","gen3\shiny\320.png","True"
"321","regular","gen3\regular\321.png","True"
"321","shiny","gen3\shiny\321.png","True"
"322","regular","gen3\regular\322.png","True"
"322","shiny","gen3\shiny\322.png","True"
"323","regular","gen3\regular\323.png","True"
"323","shiny","gen3\shiny\323.png","True"
"324","regular","gen3\regular\324.png","True"
"324","shiny","gen3\shiny\324.png","True"
"325","regular","gen3\regular\325.png","True"
"325","shiny","gen3\shiny\325.png","True"
"326","regular","gen3\regular\326.png","True"
"326","shiny","gen3\shiny\326.png","True"
"327","regular","gen3\regular\327.png","True"
"327","shiny","gen3\shiny\327.png","True"
"328","regular","gen3\regular\328.png","True"
"328","shiny","gen3\shiny\328.png","True"
"329","regular","gen3\regular\329.png","True"
"329","shiny","gen3\shiny\329.png","True"
"330","regular","gen3\regular\330.png","True"
"330","shiny","gen3\shiny\330.png","True"
"331","regular","gen3\regular\331.png","True"
"331","shiny","gen3\shiny\331.png","True"
"332","regular","gen3\regular\332.png","True"
"332","shiny","gen3\shiny\332.png","True"
"333","regular","gen3\regular\333.png","True"
"333","shiny","gen3\shiny\333.png","True"
"334","regular","gen3\regular\334.png","True"
"334","shiny","gen3\shiny\334.png","True"
"335","regular","gen3\regular\335.png","True"
"335","shiny","gen3\shiny\335.png","True"
"336","regular","gen3\regular\336.png","True"
"336","shiny","gen3\shiny\336.png","True"
"337","regular","gen3\regular\337.png","True"
"337","shiny","gen3\shiny\337.png","True"
"338","regular","gen3\regular\338.png","True"
"338","shiny","gen3\shiny\338.png","True"
"339","regular","gen3\regular\339.png","True"
"339","shiny","gen3\shiny\339.png","True"
"340","regular","gen3\regular\340.png","True"
"340","shiny","gen3\shiny\340.png","True"
"341","regular","gen3\regular\341.png","True"
"341","shiny","gen3\shiny\341.png","True"
"342","regular","gen3\regular\342.png","True"
"342","shiny","gen3\shiny\342.png","True"
"343","regular","gen3\regular\343.png","True"
"343","shiny","gen3\shiny\343.png","True"
"344","regular","gen3\regular\344.png","True"
"344","shiny","gen3\shiny\344.png","True"
"345","regular","gen3\regular\345.png","True"
"345","shiny","gen3\shiny\345.png","True"
"346","regular","gen3\regular\346.png","True"
"346","shiny","gen3\shiny\346.png","True"
"347","regular","gen3\regular\347.png","True"
"347","shiny","gen3\shiny\347.png","True"
"348","regular","gen3\regular\348.png","True"
"348","shiny","gen3\shiny\348.png","True"
"349","regular","gen3\regular\349.png","True"
"349","shiny","gen3\shiny\349.png","True"
"350","regular","gen3\regular\350.png","True"
"350","shiny","gen3\shiny\350.png","True"
"351","regular","gen3\regular\351.png","True"
"351","shiny","gen3\shiny\351.png","True"
"352","regular","gen3\regular\352.png","True"
"352","shiny","gen3\shiny\352.png","True"
"353","regular","gen3\regular\353.png","True"
"353","shiny","gen3\shiny\353.png","True"
"354","regular","gen3\regular\354.png","True"
"354","shiny","gen3\shiny\354.png","True"
"355","regular","gen3\regular\355.png","True"
"355","shiny","gen3\shiny\355.png","True"
"356","regular","gen3\regular\356.png","True"
"356","shiny","gen3\shiny\356.png","True"
"357","regular","gen3\regular\357.png","True"
"357","shiny","gen3\shiny\357.png","True"
"358","regular","gen3\regular\358.png","True"
"358","shiny","gen3\shiny\358.png","True"
"359","regular","gen3\regular\359.png","True"
"359","shiny","gen3\shiny\359.png","True"
"360","regular","gen3\regular\360.png","True"
"360","shiny","gen3\shiny\360.png","True"
"361","regular","gen3\regular\361.png","True"
"361","shiny","gen3\shiny\361.png","True"
"362","regular","gen3\regular\362.png","True"
"362","shiny","gen3\shiny\362.png","True"
"363","regular","gen3\regular\363.png","True"
"363","shiny","gen3\shiny\363.png","True"
"364","regular","gen3\regular\364.png","True"
"364","shiny","gen3\shiny\364.png","True"
"365","regular","gen3\regular\365.png","True"
"365","shiny","gen3\shiny\365.png","True"
"366","regular","gen3\regular\366.png","True"
"366","shiny","gen3\shiny\366.png","True"
"367","regular","gen3\regular\367.png","True"
"367","shiny","gen3\shiny\367.png","True"
"368","regular","gen3\regular\368.png","True"
"368","shiny","gen3\shiny\368.png","True"
"369","regular","gen3\regular\369.png","True"
"369","shiny","gen3\shiny\369.png","True"
"370","regular","gen3\regular\370.png","True"
"370","shiny","gen3\shiny\370.png","True"
"371","regular","gen3\regular\371.png","True"
"371","shiny","gen3\shiny\371.png","True"
"372","regular","gen3\regular\372.png","True"
"372","shiny","gen3\shiny\372.png","True"
"373","regular","gen3\regular\373.png","True"
"373","shiny","gen3\shiny\373.png","True"
"374","regular","gen3\regular\374.png","True"
"374","shiny","gen3\shiny\374.png","True"
"375","regular","gen3\regular\375.png","True"
"375","shiny","gen3\shiny\375.png","True"
"376","regular","gen3\regular\376.png","True"
"376","shiny","gen3\shiny\376.png","True"
"377","regular","gen3\regular\377.png","True"
"377","shiny","gen3\shiny\377.png","True"
"378","regular","gen3\regular\378.png","True"
"378","shiny","gen3\shiny\378.png","True"
"379","regular","gen3\regular\379.png","True"
"379","shiny","gen3\shiny\379.png","True"
"380","regular","gen3\regular\380.png","True"
"380","shiny","gen3\shiny\380.png","True"
"381","regular","gen3\regular\381.png","True"
"381","shiny","gen3\shiny\381.png","True"
"382","regular","gen3\regular\382.png","True"
"382","shiny","gen3\shiny\382.png","True"
"383","regular","gen3\regular\383.png","True"
"383","shiny","gen3\shiny\383.png","True"
"384","regular","gen3\regular\384.png","True"
"384","shiny","gen3\shiny\384.png","True"
"385","regular","gen3\regular\385.png","True"
"385","shiny","gen3\shiny\385.png","True"
"386","regular","gen3\regular\386.png","True"
"386","shiny","gen3\shiny\386.png","True"
"387","regular","gen4\regular\387.png","True"
"387","shiny","gen4\shiny\387.png","True"
"388","regular","gen4\regular\388.png","True"
"388","shiny","gen4\shiny\388.png","True"
"389","regular","gen4\regular\389.png","True"
"389","shiny","gen4\shiny\389.png","True"
"390","regular","gen4\regular\390.png","True"
"390","shiny","gen4\shiny\390.png","True"
"391","regular","gen4\regular\391.png","True"
"391","shiny","gen4\shiny\391.png","True"
"392","regular","gen4\regular\392.png","True"
"392","shiny","gen4\shiny\392.png","True"
"393","regular","gen4\regular\393.png","True"
"393","shiny","gen4\shiny\393.png","True"
"394","regular","gen4\regular\394.png","True"
"394","shiny","gen4\shiny\394.png","True"
"395","regular","gen4\regular\395.png","True"
"395","shiny","gen4\shiny\395.png","True"
"396","regular","gen4\regular\396.png","True"
"396","shiny","gen4\shiny\396.png","True"
"397","regular","gen4\regular\397.png","True"
"397","shiny","gen4\shiny\397.png","True"
"398","regular","gen4\regular\398.png","True"
"398","shiny","gen4\shiny\398.png","True"
"399","regular","gen4\regular\399.png","True"
"399","shiny","gen4\shiny\399.png","True"
"400","regular","gen4\regular\400.png","True"
"400","shiny","gen4\shiny\400.png","True"
"401","regular","gen4\regular\401.png","True"
"401","shiny","gen4\shiny\401.png","True"
"402","regular","gen4\regular\402.png","True"
"402","shiny","gen4\shiny\402.png","True"
"403","regular","gen4\regular\403.png","True"
"403","shiny","gen4\shiny\403.png","True"
"404","regular","gen4\regular\404.png","True"
"404","shiny","gen4\shiny\404.png","True"
"405","regular","gen4\regular\405.png","True"
"405","shiny","gen4\shiny\405.png","True"
"406","regular","gen4\regular\406.png","True"
"406","shiny","gen4\shiny\406.png","True"
"407","regular","gen4\regular\407.png","True"
"407","shiny","gen4\shiny\407.png","True"
"408","regular","gen4\regular\408.png","True"
"408","shiny","gen4\shiny\408.png","True"
"409","regular","gen4\regular\409.png","True"
"409","shiny","gen4\shiny\409.png","True"
"410","regular","gen4\regular\410.png","True"
"410","shiny","gen4\shiny\410.png","True"
"411","regular","gen4\regular\411.png","True"
"411","shiny","gen4\shiny\411.png","True"
"412","regular","gen4\regular\412.png","True"
"412","shiny","gen4\shiny\412.png","True"
"413","regular","gen4\regular\413.png","True"
"413","shiny","gen4\shiny\413.png","True"
"414","regular","gen4\regular\414.png","True"
"414","shiny","gen4\shiny\414.png","True"
"415","regular","gen4\regular\415.png","True"
"415","shiny","gen4\shiny\415.png","True"
"416","regular","gen4\regular\416.png","True"
"416","shiny","gen4\shiny\416.png","True"
"417","regular","gen4\regular\417.png","True"
"417","shiny","gen4\shiny\417.png","True"
"418","regular","gen4\regular\418.png","True"
"418","shiny","gen4\shiny\418.png","True"
"419","regular","gen4\regular\419.png","True"
"419","shiny","gen4\shiny\419.png","True"
"420","regular","gen4\regular\420.png","True"
"420","shiny","gen4\shiny\420.png","True"
"421","regular","gen4\regular\421.png","True"
"421","shiny","gen4\shiny\421.png","True"
"422","regular","gen4\regular\422.png","True"
"422","shiny","gen4\shiny\422.png","True"
"423","regular","gen4\regular\423.png","True"
"423","shiny","gen4\shiny\423.png","True"
"424","regular","gen4\regular\424.png","True"
"424","shiny","gen4\shiny\424.png","True"
"425","regular","gen4\regular\425.png","True"
"425","shiny","gen4\shiny\425.png","True"
"426","regular","gen4\regular\426.png","True"
"426","shiny","gen4\shiny\426.png","True"
"427","regular","gen4\regular\427.png","True"
"427","shiny","gen4\shiny\427.png","True"
"428","regular","gen4\regular\428.png","True"
"428","shiny","gen4\shiny\428.png","True"
"429","regular","gen4\regular\429.png","True"
"429","shiny","gen4\shiny\429.png","True"
"430","regular","gen4\regular\430.png","True"
"430","shiny","gen4\shiny\430.png","True"
"431","regular","gen4\regular\431.png","True"
"431","shiny","gen4\shiny\431.png","True"
"432","regular","gen4\regular\432.png","True"
"432","shiny","gen4\shiny\432.png","True"
"433","regular","gen4\regular\433.png","True"
"433","shiny","gen4\shiny\433.png","True"
"434","regular","gen4\regular\434.png","True"
"434","shiny","gen4\shiny\434.png","True"
"435","regular","gen4\regular\435.png","True"
"435","shiny","gen4\shiny\435.png","True"
"436","regular","gen4\regular\436.png","True"
"436","shiny","gen4\shiny\436.png","True"
"437","regular","gen4\regular\437.png","True"
"437","shiny","gen4\shiny\437.png","True"
"438","regular","gen4\regular\438.png","True"
"438","shiny","gen4\shiny\438.png","True"
"439","regular","gen4\regular\439.png","True"
"439","shiny","gen4\shiny\439.png","True"
"440","regular","gen4\regular\440.png","True"
"440","shiny","gen4\shiny\440.png","True"
"441","regular","gen4\regular\441.png","True"
"441","shiny","gen4\shiny\441.png","True"
"442","regular","gen4\regular\442.png","True"
"442","shiny","gen4\shiny\442.png","True"
"443","regular","gen4\regular\443.png","True"
"443","shiny","gen4\shiny\443.png","True"
"444","regular","gen4\regular\444.png","True"
"444","shiny","gen4\shiny\444.png","True"
"445","regular","gen4\regular\445.png","True"
"445","shiny","gen4\shiny\445.png","True"
"446","regular","gen4\regular\446.png","True"
"446","shiny","gen4\shiny\446.png","True"
"447","regular","gen4\regular\447.png","True"
"447","shiny","gen4\shiny\447.png","True"
"448","regular","gen4\regular\448.png","True"
"448","shiny","gen4\shiny\448.png","True"
"449","regular","gen4\regular\449.png","True"
"449","shiny","gen4\shiny\449.png","True"
"450","regular","gen4\regular\450.png","True"
"450","shiny","gen4\shiny\450.png","True"
"451","regular","gen4\regular\451.png","True"
"451","shiny","gen4\shiny\451.png","True"
"452","regular","gen4\regular\452.png","True"
"452","shiny","gen4\shiny\452.png","True"
"453","regular","gen4\regular\453.png","True"
"453","shiny","gen4\shiny\453.png","True"
"454","regular","gen4\regular\454.png","True"
"454","shiny","gen4\shiny\454.png","True"
"455","regular","gen4\regular\455.png","True"
"455","shiny","gen4\shiny\455.png","True"
"456","regular","gen4\regular\456.png","True"
"456","shiny","gen4\shiny\456.png","True"
"457","regular","gen4\regular\457.png","True"
"457","shiny","gen4\shiny\457.png","True"
"458","regular","gen4\regular\458.png","True"
"458","shiny","gen4\shiny\458.png","True"
"459","regular","gen4\regular\459.png","True"
"459","shiny","gen4\shiny\459.png","True"
"460","regular","gen4\regular\460.png","True"
"460","shiny","gen4\shiny\460.png","True"
"461","regular","gen4\regular\461.png","True"
"461","shiny","gen4\shiny\461.png","True"
"462","regular","gen4\regular\462.png","True"
"462","shiny","gen4\shiny\462.png","True"
"463","regular","gen4\regular\463.png","True"
"463","shiny","gen4\shiny\463.png","True"
"464","regular","gen4\regular\464.png","True"
"464","shiny","gen4\shiny\464.png","True"
"465","regular","gen4\regular\465.png","True"
"465","shiny","gen4\shiny\465.png","True"
"466","regular","gen4\regular\466.png","True"
"466","shiny","gen4\shiny\466.png","True"
"467","regular","gen4\regular\467.png","True"
"467","shiny","gen4\shiny\467.png","True"
"468","regular","gen4\regular\468.png","True"
"468","shiny","gen4\shiny\468.png","True"
"469","regular","gen4\regular\469.png","True"
"469","shiny","gen4\shiny\469.png","True"
"470","regular","gen4\regular\470.png","True"
"470","shiny","gen4\shiny\470.png","True"
"471","regular","gen4\regular\471.png","True"
"471","shiny","gen4\shiny\471.png","True"
"472","regular","gen4\regular\472.png","True"
"472","shiny","gen4\shiny\472.png","True"
"473","regular","gen4\regular\473.png","True"
"473","shiny","gen4\shiny\473.png","True"
"474","regular","gen4\regular\474.png","True"
"474","shiny","gen4\shiny\474.png","True"
"475","regular","gen4\regular\475.png","True"
"475","shiny","gen4\shiny\475.png","True"
"476","regular","gen4\regular\476.png","True"
"476","shiny","gen4\shiny\476.png","True"
"477","regular","gen4\regular\477.png","True"
"477","shiny","gen4\shiny\477.png","True"
"478","regular","gen4\regular\478.png","True"
"478","shiny","gen4\shiny\478.png","True"
"479","regular","gen4\regular\479.png","True"
"479","shiny","gen4\shiny\479.png","True"
"480","regular","gen4\regular\480.png","True"
"480","shiny","gen4\shiny\480.png","True"
"481","regular","gen4\regular\481.png","True"
"481","shiny","gen4\shiny\481.png","True"
"482","regular","gen4\regular\482.png","True"
"482","shiny","gen4\shiny\482.png","True"
"483","regular","gen4\regular\483.png","True"
"483","shiny","gen4\shiny\483.png","True"
"484","regular","gen4\regular\484.png","True"
"484","shiny","gen4\shiny\484.png","True"
"485","regular","gen4\regular\485.png","True"
"485","shiny","gen4\shiny\485.png","True"
"486","regular","gen4\regular\486.png","True"
"486","shiny","gen4\shiny\486.png","True"
"487","regular","gen4\regular\487.png","True"
"487","shiny","gen4\shiny\487.png","True"
"488","regular","gen4\regular\488.png","True"
"488","shiny","gen4\shiny\488.png","True"
"489","regular","gen4\regular\489.png","True"
"489","shiny","gen4\shiny\489.png","True"
"490","regular","gen4\regular\490.png","True"
"490","shiny","gen4\shiny\490.png","True"
"491","regular","gen4\regular\491.png","True"
"491","shiny","gen4\shiny\491.png","True"
"492","regular","gen4\regular\492.png","True"
"492","shiny","gen4\shiny\492.png","True"
"493","regular","gen4\regular\493.png","True"
"493","shiny","gen4\shiny\493.png","True"
"494","regular","gen5\regular\494.png","True"
"494","shiny","gen5\shiny\494.png","True"
"495","regular","gen5\regular\495.png","True"
"495","shiny","gen5\shiny\495.png","True"
"496","regular","gen5\regular\496.png","True"
"496","shiny","gen5\shiny\496.png","True"
"497","regular","gen5\regular\497.png","True"
"497","shiny","gen5\shiny\497.png","True"
"498","regular","gen5\regular\498.png","True"
"498","shiny","gen5\shiny\498.png","True"
"499","regular","gen5\regular\499.png","True"
"499","shiny","gen5\shiny\499.png","True"
"500","regular","gen5\regular\500.png","True"
"500","shiny","gen5\shiny\500.png","True"
"501","regular","gen5\regular\501.png","True"
"501","shiny","gen5\shiny\501.png","True"
"502","regular","gen5\regular\502.png","True"
"502","shiny","gen5\shiny\502.png","True"
"503","regular","gen5\regular\503.png","True"
"503","shiny","gen5\shiny\503.png","True"
"504","regular","gen5\regular\504.png","True"
"504","shiny","gen5\shiny\504.png","True"
"505","regular","gen5\regular\505.png","True"
"505","shiny","gen5\shiny\505.png","True"
"506","regular","gen5\regular\506.png","True"
"506","shiny","gen5\shiny\506.png","True"
"507","regular","gen5\regular\507.png","True"
"507","shiny","gen5\shiny\507.png","True"
"508","regular","gen5\regular\508.png","True"
"508","shiny","gen5\shiny\508.png","True"
"509","regular","gen5\regular\509.png","True"
"509","shiny","gen5\shiny\509.png","True"
"510","regular","gen5\regular\510.png","True"
"510","shiny","gen5\shiny\510.png","True"
"511","regular","gen5\regular\511.png","True"
"511","shiny","gen5\shiny\511.png","True"
"512","regular","gen5\regular\512.png","True"
"512","shiny","gen5\shiny\512.png","True"
"513","regular","gen5\regular\513.png","True"
"513","shiny","gen5\shiny\513.png","True"
"514","regular","gen5\regular\514.png","True"
"514","shiny","gen5\shiny\514.png","True"
"515","regular","gen5\regular\515.png","True"
"515","shiny","gen5\shiny\515.png","True"
"516","regular","gen5\regular\516.png","True"
"516","shiny","gen5\shiny\516.png","True"
"517","regular","gen5\regular\517.png","True"
"517","shiny","gen5\shiny\517.png","True"
"518","regular","gen5\regular\518.png","True"
"518","shiny","gen5\shiny\518.png","True"
"519","regular","gen5\regular\519.png","True"
"519","shiny","gen5\shiny\519.png","True"
"520","regular","gen5\regular\520.png","True"
"520","shiny","gen5\shiny\520.png","True"
"521","regular","gen5\regular\521.png","True"
"521","shiny","gen5\shiny\521.png","True"
"522","regular","gen5\regular\522.png","True"
"522","shiny","gen5\shiny\522.png","True"
"523","regular","gen5\regular\523.png","True"
"523","shiny","gen5\shiny\523.png","True"
"524","regular","gen5\regular\524.png","True"
"524","shiny","gen5\shiny\524.png","True"
"525","regular","gen5\regular\525.png","True"
"525","shiny","gen5\shiny\525.png","True"
"526","regular","gen5\regular\526.png","True"
"526","shiny","gen5\shiny\526.png","True"
"527","regular","gen5\regular\527.png","True"
"527","shiny","gen5\shiny\527.png","True"
"528","regular","gen5\regular\528.png","True"
"528","shiny","gen5\shiny\528.png","True"
"529","regular","gen5\regular\529.png","True"
"529","shiny","gen5\shiny\529.png","True"
"530","regular","gen5\regular\530.png","True"
"530","shiny","gen5\shiny\530.png","True"
"531","regular","gen5\regular\531.png","True"
"531","shiny","gen5\shiny\531.png","True"
"532","regular","gen5\regular\532.png","True"
"532","shiny","gen5\shiny\532.png","True"
"533","regular","gen5\regular\533.png","True"
"533","shiny","gen5\shiny\533.png","True"
"534","regular","gen5\regular\534.png","True"
"534","shiny","gen5\shiny\534.png","True"
"535","regular","gen5\regular\535.png","True"
"535","shiny","gen5\shiny\535.png","True"
"536","regular","gen5\regular\536.png","True"
"536","shiny","gen5\shiny\536.png","True"
"537","regular","gen5\regular\537.png","True"
"537","shiny","gen5\shiny\537.png","True"
"538","regular","gen5\regular\538.png","True"
"538","shiny","gen5\shiny\538.png","True"
"539","regular","gen5\regular\539.png","True"
"539","shiny","gen5\shiny\539.png","True"
"540","regular","gen5\regular\540.png","True"
"540","shiny","gen5\shiny\540.png","True"
"541","regular","gen5\regular\541.png","True"
"541","shiny","gen5\shiny\541.png","True"
"542","regular","gen5\regular\542.png","True"
"542","shiny","gen5\shiny\542.png","True"
"543","regular","gen5\regular\543.png","True"
"543","shiny","gen5\shiny\543.png","True"
"544","regular","gen5\regular\544.png","True"
"544","shiny","gen5\shiny\544.png","True"
"545","regular","gen5\regular\545.png","True"
"545","shiny","gen5\shiny\545.png","True"
"546","regular","gen5\regular\546.png","True"
"546","shiny","gen5\shiny\546.png","True"
"547","regular","gen5\regular\547.png","True"
"547","shiny","gen5\shiny\547.png","True"
"548","regular","gen5\regular\548.png","True"
"548","shiny","gen5\shiny\548.png","True"
"549","regular","gen5\regular\549.png","True"
"549","shiny","gen5\shiny\549.png","True"
"550","regular","gen5\regular\550.png","True"
"550","shiny","gen5\shiny\550.png","True"
"551","regular","gen5\regular\551.png","True"
"551","shiny","gen5\shiny\551.png","True"
"552","regular","gen5\regular\552.png","True"
"552","shiny","gen5\shiny\552.png","True"
"553","regular","gen5\regular\553.png","True"
"553","shiny","gen5\shiny\553.png","True"
"554","regular","gen5\regular\554.png","True"
"554","shiny","gen5\shiny\554.png","True"
"555","regular","gen5\regular\555.png","True"
"555","shiny","gen5\shiny\555.png","True"
"556","regular","gen5\regular\556.png","True"
"556","shiny","gen5\shiny\556.png","True"
"557","regular","gen5\regular\557.png","True"
"557","shiny","gen5\shiny\557.png","True"
"558","regular","gen5\regular\558.png","True"
"558","shiny","gen5\shiny\558.png","True"
"559","regular","gen5\regular\559.png","True"
"559","shiny","gen5\shiny\559.png","True"
"560","regular","gen5\regular\560.png","True"
"560","shiny","gen5\shiny\560.png","True"
"561","regular","gen5\regular\561.png","True"
"561","shiny","gen5\shiny\561.png","True"
"562","regular","gen5\regular\562.png","True"
"562","shiny","gen5\shiny\562.png","True"
"563","regular","gen5\regular\563.png","True"
"563","shiny","gen5\shiny\563.png","True"
"564","regular","gen5\regular\564.png","True"
"564","shiny","gen5\shiny\564.png","True"
"565","regular","gen5\regular\565.png","True"
"565","shiny","gen5\shiny\565.png","True"
"566","regular","gen5\regular\566.png","True"
"566","shiny","gen5\shiny\566.png","True"
"567","regular","gen5\regular\567.png","True"
"567","shiny","gen5\shiny\567.png","True"
"568","regular","gen5\regular\568.png","True"
"568","shiny","gen5\shiny\568.png","True"
"569","regular","gen5\regular\569.png","True"
"569","shiny","gen5\shiny\569.png","True"
"570","regular","gen5\regular\570.png","True"
"570","shiny","gen5\shiny\570.png","True"
"571","regular","gen5\regular\571.png","True"
"571","shiny","gen5\shiny\571.png","True"
"572","regular","gen5\regular\572.png","True"
"572","shiny","gen5\shiny\572.png","True"
"573","regular","gen5\regular\573.png","True"
"573","shiny","gen5\shiny\573.png","True"
"574","regular","gen5\regular\574.png","True"
"574","shiny","gen5\shiny\574.png","True"
"575","regular","gen5\regular\575.png","True"
"575","shiny","gen5\shiny\575.png","True"
"576","regular","gen5\regular\576.png","True"
"576","shiny","gen5\shiny\576.png","True"
"577","regular","gen5\regular\577.png","True"
"577","shiny","gen5\shiny\577.png","True"
"578","regular","gen5\regular\578.png","True"
"578","shiny","gen5\shiny\578.png","True"
"579","regular","gen5\regular\579.png","True"
"579","shiny","gen5\shiny\579.png","True"
"580","regular","gen5\regular\580.png","True"
"580","shiny","gen5\shiny\580.png","True"
"581","regular","gen5\regular\581.png","True"
"581","shiny","gen5\shiny\581.png","True"
"582","regular","gen5\regular\582.png","True"
"582","shiny","gen5\shiny\582.png","True"
"583","regular","gen5\regular\583.png","True"
"583","shiny","gen5\shiny\583.png","True"
"584","regular","gen5\regular\584.png","True"
"584","shiny","gen5\shiny\584.png","True"
"585","regular","gen5\regular\585.png","True"
"585","shiny","gen5\shiny\585.png","True"
"586","regular","gen5\regular\586.png","True"
"586","shiny","gen5\shiny\586.png","True"
"587","regular","gen5\regular\587.png","True"
"587","shiny","gen5\shiny\587.png","True"
"588","regular","gen5\regular\588.png","True"
"588","shiny","gen5\shiny\588.png","True"
"589","regular","gen5\regular\589.png","True"
"589","shiny","gen5\shiny\589.png","True"
"590","regular","gen5\regular\590.png","True"
"590","shiny","gen5\shiny\590.png","True"
"591","regular","gen5\regular\591.png","True"
"591","shiny","gen5\shiny\591.png","True"
"592","regular","gen5\regular\592.png","True"
"592","shiny","gen5\shiny\592.png","True"
"593","regular","gen5\regular\593.png","True"
"593","shiny","gen5\shiny\593.png","True"
"594","regular","gen5\regular\594.png","True"
"594","shiny","gen5\shiny\594.png","True"
"595","regular","gen5\regular\595.png","True"
"595","shiny","gen5\shiny\595.png","True"
"596","regular","gen5\regular\596.png","True"
"596","shiny","gen5\shiny\596.png","True"
"597","regular","gen5\regular\597.png","True"
"597","shiny","gen5\shiny\597.png","True"
"598","regular","gen5\regular\598.png","True"
"598","shiny","gen5\shiny\598.png","True"
"599","regular","gen5\regular\599.png","True"
"599","shiny","gen5\shiny\599.png","True"
"600","regular","gen5\regular\600.png","True"
"600","shiny","gen5\shiny\600.png","True"
"601","regular","gen5\regular\601.png","True"
"601","shiny","gen5\shiny\601.png","True"
"602","regular","gen5\regular\602.png","True"
"602","shiny","gen5\shiny\602.png","True"
"603","regular","gen5\regular\603.png","True"
"603","shiny","gen5\shiny\603.png","True"
"604","regular","gen5\regular\604.png","True"
"604","shiny","gen5\shiny\604.png","True"
"605","regular","gen5\regular\605.png","True"
"605","shiny","gen5\shiny\605.png","True"
"606","regular","gen5\regular\606.png","True"
"606","shiny","gen5\shiny\606.png","True"
"607","regular","gen5\regular\607.png","True"
"607","shiny","gen5\shiny\607.png","True"
"608","regular","gen5\regular\608.png","True"
"608","shiny","gen5\shiny\608.png","True"
"609","regular","gen5\regular\609.png","True"
"609","shiny","gen5\shiny\609.png","True"
"610","regular","gen5\regular\610.png","True"
"610","shiny","gen5\shiny\610.png","True"
"611","regular","gen5\regular\611.png","True"
"611","shiny","gen5\shiny\611.png","True"
"612","regular","gen5\regular\612.png","True"
"612","shiny","gen5\shiny\612.png","True"
"613","regular","gen5\regular\613.png","True"
"613","shiny","gen5\shiny\613.png","True"
"614","regular","gen5\regular\614.png","True"
"614","shiny","gen5\shiny\614.png","True"
"615","regular","gen5\regular\615.png","True"
"615","shiny","gen5\shiny\615.png","True"
"616","regular","gen5\regular\616.png","True"
"616","shiny","gen5\shiny\616.png","True"
"617","regular","gen5\regular\617.png","True"
"617","shiny","gen5\shiny\617.png","True"
"618","regular","gen5\regular\618.png","True"
"618","shiny","gen5\shiny\618.png","True"
"619","regular","gen5\regular\619.png","True"
"619","shiny","gen5\shiny\619.png","True"
"620","regular","gen5\regular\620.png","True"
"620","shiny","gen5\shiny\620.png","True"
"621","regular","gen5\regular\621.png","True"
"621","shiny","gen5\shiny\621.png","True"
"622","regular","gen5\regular\622.png","True"
"622","shiny","gen5\shiny\622.png","True"
"623","regular","gen5\regular\623.png","True"
"623","shiny","gen5\shiny\623.png","True"
"624","regular","gen5\regular\624.png","True"
"624","shiny","gen5\shiny\624.png","True"
"625","regular","gen5\regular\625.png","True"
"625","shiny","gen5\shiny\625.png","True"
"626","regular","gen5\regular\626.png","True"
"626","shiny","gen5\shiny\626.png","True"
"627","regular","gen5\regular\627.png","True"
"627","shiny","gen5\shiny\627.png","True"
"628","regular","gen5\regular\628.png","True"
"628","shiny","gen5\shiny\628.png","True"
"629","regular","gen5\regular\629.png","True"
"629","shiny","gen5\shiny\629.png","True"
"630","regular","gen5\regular\630.png","True"
"630","shiny","gen5\shiny\630.png","True"
"631","regular","gen5\regular\631.png","True"
"631","shiny","gen5\shiny\631.png","True"
"632","regular","gen5\regular\632.png","True"
"632","shiny","gen5\shiny\632.png","True"
"633","regular","gen5\regular\633.png","True"
"633","shiny","gen5\shiny\633.png","True"
"634","regular","gen5\regular\634.png","True"
"634","shiny","gen5\shiny\634.png","True"
"635","regular","gen5\regular\635.png","True"
"635","shiny","gen5\shiny\635.png","True"
"636","regular","gen5\regular\636.png","True"
"636","shiny","gen5\shiny\636.png","True"
"637","regular","gen5\regular\637.png","True"
"637","shiny","gen5\shiny\637.png","True"
"638","regular","gen5\regular\638.png","True"
"638","shiny","gen5\shiny\638.png","True"
"639","regular","gen5\regular\639.png","True"
"639","shiny","gen5\shiny\639.png","True"
"640","regular","gen5\regular\640.png","True"
"640","shiny","gen5\shiny\640.png","True"
"641","regular","gen5\regular\641.png","True"
"641","shiny","gen5\shiny\641.png","True"
"642","regular","gen5\regular\642.png","True"
"642","shiny","gen5\shiny\642.png","True"
"643","regular","gen5\regular\643.png","True"
"643","shiny","gen5\shiny\643.png","True"
"644","regular","gen5\regular\644.png","True"
"644","shiny","gen5\shiny\644.png","True"
"645","regular","gen5\regular\645.png","True"
"645","shiny","gen5\shiny\645.png","True"
"646","regular","gen5\regular\646.png","True"
"646","shiny","gen5\shiny\646.png","True"
"647","regular","gen5\regular\647.png","True"
"647","shiny","gen5\shiny\647.png","True"
"648","regular","gen5\regular\648.png","True"
"648","shiny","gen5\shiny\648.png","True"
"649","regular","gen5\regular\649.png","True"
"649","shiny","gen5\shiny\649.png","True"
